GEO.id,Id
GEO.id2,Id2
GEO.display-label,Geography
HC01_VC03,Estimate; HOUSING OCCUPANCY - Total housing units
HC02_VC03,Margin of Error; HOUSING OCCUPANCY - Total housing units
HC03_VC03,Percent; HOUSING OCCUPANCY - Total housing units
HC04_VC03,Percent Margin of Error; HOUSING OCCUPANCY - Total housing units
HC01_VC04,Estimate; HOUSING OCCUPANCY - Total housing units - Occupied housing units
HC02_VC04,Margin of Error; HOUSING OCCUPANCY - Total housing units - Occupied housing units
HC03_VC04,Percent; HOUSING OCCUPANCY - Total housing units - Occupied housing units
HC04_VC04,Percent Margin of Error; HOUSING OCCUPANCY - Total housing units - Occupied housing units
HC01_VC05,Estimate; HOUSING OCCUPANCY - Total housing units - Vacant housing units
HC02_VC05,Margin of Error; HOUSING OCCUPANCY - Total housing units - Vacant housing units
HC03_VC05,Percent; HOUSING OCCUPANCY - Total housing units - Vacant housing units
HC04_VC05,Percent Margin of Error; HOUSING OCCUPANCY - Total housing units - Vacant housing units
HC01_VC13,Estimate; UNITS IN STRUCTURE - Total housing units
HC02_VC13,Margin of Error; UNITS IN STRUCTURE - Total housing units
HC03_VC13,Percent; UNITS IN STRUCTURE - Total housing units
HC04_VC13,Percent Margin of Error; UNITS IN STRUCTURE - Total housing units
HC01_VC19,Estimate; UNITS IN STRUCTURE - Total housing units - 10 to 19 units
HC02_VC19,Margin of Error; UNITS IN STRUCTURE - Total housing units - 10 to 19 units
HC03_VC19,Percent; UNITS IN STRUCTURE - Total housing units - 10 to 19 units
HC04_VC19,Percent Margin of Error; UNITS IN STRUCTURE - Total housing units - 10 to 19 units
HC01_VC26,Estimate; YEAR STRUCTURE BUILT - Total housing units
HC02_VC26,Margin of Error; YEAR STRUCTURE BUILT - Total housing units
HC03_VC26,Percent; YEAR STRUCTURE BUILT - Total housing units
HC04_VC26,Percent Margin of Error; YEAR STRUCTURE BUILT - Total housing units
HC01_VC27,Estimate; YEAR STRUCTURE BUILT - Total housing units - Built 2010 or later
HC02_VC27,Margin of Error; YEAR STRUCTURE BUILT - Total housing units - Built 2010 or later
HC03_VC27,Percent; YEAR STRUCTURE BUILT - Total housing units - Built 2010 or later
HC04_VC27,Percent Margin of Error; YEAR STRUCTURE BUILT - Total housing units - Built 2010 or later
HC01_VC28,Estimate; YEAR STRUCTURE BUILT - Total housing units - Built 2000 to 2009
HC02_VC28,Margin of Error; YEAR STRUCTURE BUILT - Total housing units - Built 2000 to 2009
HC03_VC28,Percent; YEAR STRUCTURE BUILT - Total housing units - Built 2000 to 2009
HC04_VC28,Percent Margin of Error; YEAR STRUCTURE BUILT - Total housing units - Built 2000 to 2009
HC01_VC29,Estimate; YEAR STRUCTURE BUILT - Total housing units - Built 1990 to 1999
HC02_VC29,Margin of Error; YEAR STRUCTURE BUILT - Total housing units - Built 1990 to 1999
HC03_VC29,Percent; YEAR STRUCTURE BUILT - Total housing units - Built 1990 to 1999
HC04_VC29,Percent Margin of Error; YEAR STRUCTURE BUILT - Total housing units - Built 1990 to 1999
HC01_VC30,Estimate; YEAR STRUCTURE BUILT - Total housing units - Built 1980 to 1989
HC02_VC30,Margin of Error; YEAR STRUCTURE BUILT - Total housing units - Built 1980 to 1989
HC03_VC30,Percent; YEAR STRUCTURE BUILT - Total housing units - Built 1980 to 1989
HC04_VC30,Percent Margin of Error; YEAR STRUCTURE BUILT - Total housing units - Built 1980 to 1989
HC01_VC31,Estimate; YEAR STRUCTURE BUILT - Total housing units - Built 1970 to 1979
HC02_VC31,Margin of Error; YEAR STRUCTURE BUILT - Total housing units - Built 1970 to 1979
HC03_VC31,Percent; YEAR STRUCTURE BUILT - Total housing units - Built 1970 to 1979
HC04_VC31,Percent Margin of Error; YEAR STRUCTURE BUILT - Total housing units - Built 1970 to 1979
HC01_VC32,Estimate; YEAR STRUCTURE BUILT - Total housing units - Built 1960 to 1969
HC02_VC32,Margin of Error; YEAR STRUCTURE BUILT - Total housing units - Built 1960 to 1969
HC03_VC32,Percent; YEAR STRUCTURE BUILT - Total housing units - Built 1960 to 1969
HC04_VC32,Percent Margin of Error; YEAR STRUCTURE BUILT - Total housing units - Built 1960 to 1969
HC01_VC33,Estimate; YEAR STRUCTURE BUILT - Total housing units - Built 1950 to 1959
HC02_VC33,Margin of Error; YEAR STRUCTURE BUILT - Total housing units - Built 1950 to 1959
HC03_VC33,Percent; YEAR STRUCTURE BUILT - Total housing units - Built 1950 to 1959
HC04_VC33,Percent Margin of Error; YEAR STRUCTURE BUILT - Total housing units - Built 1950 to 1959
HC01_VC34,Estimate; YEAR STRUCTURE BUILT - Total housing units - Built 1940 to 1949
HC02_VC34,Margin of Error; YEAR STRUCTURE BUILT - Total housing units - Built 1940 to 1949
HC03_VC34,Percent; YEAR STRUCTURE BUILT - Total housing units - Built 1940 to 1949
HC04_VC34,Percent Margin of Error; YEAR STRUCTURE BUILT - Total housing units - Built 1940 to 1949
HC01_VC35,Estimate; YEAR STRUCTURE BUILT - Total housing units - Built 1939 or earlier
HC02_VC35,Margin of Error; YEAR STRUCTURE BUILT - Total housing units - Built 1939 or earlier
HC03_VC35,Percent; YEAR STRUCTURE BUILT - Total housing units - Built 1939 or earlier
HC04_VC35,Percent Margin of Error; YEAR STRUCTURE BUILT - Total housing units - Built 1939 or earlier
HC01_VC39,Estimate; ROOMS - Total housing units
HC02_VC39,Margin of Error; ROOMS - Total housing units
HC03_VC39,Percent; ROOMS - Total housing units
HC04_VC39,Percent Margin of Error; ROOMS - Total housing units
HC01_VC40,Estimate; ROOMS - Total housing units - 1 room
HC02_VC40,Margin of Error; ROOMS - Total housing units - 1 room
HC03_VC40,Percent; ROOMS - Total housing units - 1 room
HC04_VC40,Percent Margin of Error; ROOMS - Total housing units - 1 room
HC01_VC41,Estimate; ROOMS - Total housing units - 2 rooms
HC02_VC41,Margin of Error; ROOMS - Total housing units - 2 rooms
HC03_VC41,Percent; ROOMS - Total housing units - 2 rooms
HC04_VC41,Percent Margin of Error; ROOMS - Total housing units - 2 rooms
HC01_VC42,Estimate; ROOMS - Total housing units - 3 rooms
HC02_VC42,Margin of Error; ROOMS - Total housing units - 3 rooms
HC03_VC42,Percent; ROOMS - Total housing units - 3 rooms
HC04_VC42,Percent Margin of Error; ROOMS - Total housing units - 3 rooms
HC01_VC43,Estimate; ROOMS - Total housing units - 4 rooms
HC02_VC43,Margin of Error; ROOMS - Total housing units - 4 rooms
HC03_VC43,Percent; ROOMS - Total housing units - 4 rooms
HC04_VC43,Percent Margin of Error; ROOMS - Total housing units - 4 rooms
HC01_VC44,Estimate; ROOMS - Total housing units - 5 rooms
HC02_VC44,Margin of Error; ROOMS - Total housing units - 5 rooms
HC03_VC44,Percent; ROOMS - Total housing units - 5 rooms
HC04_VC44,Percent Margin of Error; ROOMS - Total housing units - 5 rooms
HC01_VC45,Estimate; ROOMS - Total housing units - 6 rooms
HC02_VC45,Margin of Error; ROOMS - Total housing units - 6 rooms
HC03_VC45,Percent; ROOMS - Total housing units - 6 rooms
HC04_VC45,Percent Margin of Error; ROOMS - Total housing units - 6 rooms
HC01_VC46,Estimate; ROOMS - Total housing units - 7 rooms
HC02_VC46,Margin of Error; ROOMS - Total housing units - 7 rooms
HC03_VC46,Percent; ROOMS - Total housing units - 7 rooms
HC04_VC46,Percent Margin of Error; ROOMS - Total housing units - 7 rooms
HC01_VC47,Estimate; ROOMS - Total housing units - 8 rooms
HC02_VC47,Margin of Error; ROOMS - Total housing units - 8 rooms
HC03_VC47,Percent; ROOMS - Total housing units - 8 rooms
HC04_VC47,Percent Margin of Error; ROOMS - Total housing units - 8 rooms
HC01_VC48,Estimate; ROOMS - Total housing units - 9 rooms or more
HC02_VC48,Margin of Error; ROOMS - Total housing units - 9 rooms or more
HC03_VC48,Percent; ROOMS - Total housing units - 9 rooms or more
HC04_VC48,Percent Margin of Error; ROOMS - Total housing units - 9 rooms or more
HC01_VC49,Estimate; ROOMS - Total housing units - Median rooms
HC02_VC49,Margin of Error; ROOMS - Total housing units - Median rooms
HC03_VC49,Percent; ROOMS - Total housing units - Median rooms
HC04_VC49,Percent Margin of Error; ROOMS - Total housing units - Median rooms
HC01_VC53,Estimate; BEDROOMS - Total housing units
HC02_VC53,Margin of Error; BEDROOMS - Total housing units
HC03_VC53,Percent; BEDROOMS - Total housing units
HC04_VC53,Percent Margin of Error; BEDROOMS - Total housing units
HC01_VC54,Estimate; BEDROOMS - Total housing units - No bedroom
HC02_VC54,Margin of Error; BEDROOMS - Total housing units - No bedroom
HC03_VC54,Percent; BEDROOMS - Total housing units - No bedroom
HC04_VC54,Percent Margin of Error; BEDROOMS - Total housing units - No bedroom
HC01_VC55,Estimate; BEDROOMS - Total housing units - 1 bedroom
HC02_VC55,Margin of Error; BEDROOMS - Total housing units - 1 bedroom
HC03_VC55,Percent; BEDROOMS - Total housing units - 1 bedroom
HC04_VC55,Percent Margin of Error; BEDROOMS - Total housing units - 1 bedroom
HC01_VC56,Estimate; BEDROOMS - Total housing units - 2 bedrooms
HC02_VC56,Margin of Error; BEDROOMS - Total housing units - 2 bedrooms
HC03_VC56,Percent; BEDROOMS - Total housing units - 2 bedrooms
HC04_VC56,Percent Margin of Error; BEDROOMS - Total housing units - 2 bedrooms
HC01_VC57,Estimate; BEDROOMS - Total housing units - 3 bedrooms
HC02_VC57,Margin of Error; BEDROOMS - Total housing units - 3 bedrooms
HC03_VC57,Percent; BEDROOMS - Total housing units - 3 bedrooms
HC04_VC57,Percent Margin of Error; BEDROOMS - Total housing units - 3 bedrooms
HC01_VC58,Estimate; BEDROOMS - Total housing units - 4 bedrooms
HC02_VC58,Margin of Error; BEDROOMS - Total housing units - 4 bedrooms
HC03_VC58,Percent; BEDROOMS - Total housing units - 4 bedrooms
HC04_VC58,Percent Margin of Error; BEDROOMS - Total housing units - 4 bedrooms
HC01_VC59,Estimate; BEDROOMS - Total housing units - 5 or more bedrooms
HC02_VC59,Margin of Error; BEDROOMS - Total housing units - 5 or more bedrooms
HC03_VC59,Percent; BEDROOMS - Total housing units - 5 or more bedrooms
HC04_VC59,Percent Margin of Error; BEDROOMS - Total housing units - 5 or more bedrooms
HC01_VC63,Estimate; HOUSING TENURE - Occupied housing units
HC02_VC63,Margin of Error; HOUSING TENURE - Occupied housing units
HC03_VC63,Percent; HOUSING TENURE - Occupied housing units
HC04_VC63,Percent Margin of Error; HOUSING TENURE - Occupied housing units
HC01_VC64,Estimate; HOUSING TENURE - Occupied housing units - Owner-occupied
HC02_VC64,Margin of Error; HOUSING TENURE - Occupied housing units - Owner-occupied
HC03_VC64,Percent; HOUSING TENURE - Occupied housing units - Owner-occupied
HC04_VC64,Percent Margin of Error; HOUSING TENURE - Occupied housing units - Owner-occupied
HC01_VC65,Estimate; HOUSING TENURE - Occupied housing units - Renter-occupied
HC02_VC65,Margin of Error; HOUSING TENURE - Occupied housing units - Renter-occupied
HC03_VC65,Percent; HOUSING TENURE - Occupied housing units - Renter-occupied
HC04_VC65,Percent Margin of Error; HOUSING TENURE - Occupied housing units - Renter-occupied
HC01_VC68,Estimate; HOUSING TENURE - Average household size of owner-occupied unit
HC02_VC68,Margin of Error; HOUSING TENURE - Average household size of owner-occupied unit
HC03_VC68,Percent; HOUSING TENURE - Average household size of owner-occupied unit
HC04_VC68,Percent Margin of Error; HOUSING TENURE - Average household size of owner-occupied unit
HC01_VC69,Estimate; HOUSING TENURE - Average household size of renter-occupied unit
HC02_VC69,Margin of Error; HOUSING TENURE - Average household size of renter-occupied unit
HC03_VC69,Percent; HOUSING TENURE - Average household size of renter-occupied unit
HC04_VC69,Percent Margin of Error; HOUSING TENURE - Average household size of renter-occupied unit
HC01_VC73,Estimate; YEAR HOUSEHOLDER MOVED INTO UNIT - Occupied housing units
HC02_VC73,Margin of Error; YEAR HOUSEHOLDER MOVED INTO UNIT - Occupied housing units
HC03_VC73,Percent; YEAR HOUSEHOLDER MOVED INTO UNIT - Occupied housing units
HC04_VC73,Percent Margin of Error; YEAR HOUSEHOLDER MOVED INTO UNIT - Occupied housing units
HC01_VC74,Estimate; YEAR HOUSEHOLDER MOVED INTO UNIT - Occupied housing units - Moved in 2010 or later
HC02_VC74,Margin of Error; YEAR HOUSEHOLDER MOVED INTO UNIT - Occupied housing units - Moved in 2010 or later
HC03_VC74,Percent; YEAR HOUSEHOLDER MOVED INTO UNIT - Occupied housing units - Moved in 2010 or later
HC04_VC74,Percent Margin of Error; YEAR HOUSEHOLDER MOVED INTO UNIT - Occupied housing units - Moved in 2010 or later
HC01_VC75,Estimate; YEAR HOUSEHOLDER MOVED INTO UNIT - Occupied housing units - Moved in 2000 to 2009
HC02_VC75,Margin of Error; YEAR HOUSEHOLDER MOVED INTO UNIT - Occupied housing units - Moved in 2000 to 2009
HC03_VC75,Percent; YEAR HOUSEHOLDER MOVED INTO UNIT - Occupied housing units - Moved in 2000 to 2009
HC04_VC75,Percent Margin of Error; YEAR HOUSEHOLDER MOVED INTO UNIT - Occupied housing units - Moved in 2000 to 2009
HC01_VC76,Estimate; YEAR HOUSEHOLDER MOVED INTO UNIT - Occupied housing units - Moved in 1990 to 1999
HC02_VC76,Margin of Error; YEAR HOUSEHOLDER MOVED INTO UNIT - Occupied housing units - Moved in 1990 to 1999
HC03_VC76,Percent; YEAR HOUSEHOLDER MOVED INTO UNIT - Occupied housing units - Moved in 1990 to 1999
HC04_VC76,Percent Margin of Error; YEAR HOUSEHOLDER MOVED INTO UNIT - Occupied housing units - Moved in 1990 to 1999
HC01_VC77,Estimate; YEAR HOUSEHOLDER MOVED INTO UNIT - Occupied housing units - Moved in 1980 to 1989
HC02_VC77,Margin of Error; YEAR HOUSEHOLDER MOVED INTO UNIT - Occupied housing units - Moved in 1980 to 1989
HC03_VC77,Percent; YEAR HOUSEHOLDER MOVED INTO UNIT - Occupied housing units - Moved in 1980 to 1989
HC04_VC77,Percent Margin of Error; YEAR HOUSEHOLDER MOVED INTO UNIT - Occupied housing units - Moved in 1980 to 1989
HC01_VC78,Estimate; YEAR HOUSEHOLDER MOVED INTO UNIT - Occupied housing units - Moved in 1970 to 1979
HC02_VC78,Margin of Error; YEAR HOUSEHOLDER MOVED INTO UNIT - Occupied housing units - Moved in 1970 to 1979
HC03_VC78,Percent; YEAR HOUSEHOLDER MOVED INTO UNIT - Occupied housing units - Moved in 1970 to 1979
HC04_VC78,Percent Margin of Error; YEAR HOUSEHOLDER MOVED INTO UNIT - Occupied housing units - Moved in 1970 to 1979
HC01_VC79,Estimate; YEAR HOUSEHOLDER MOVED INTO UNIT - Occupied housing units - Moved in 1969 or earlier
HC02_VC79,Margin of Error; YEAR HOUSEHOLDER MOVED INTO UNIT - Occupied housing units - Moved in 1969 or earlier
HC03_VC79,Percent; YEAR HOUSEHOLDER MOVED INTO UNIT - Occupied housing units - Moved in 1969 or earlier
HC04_VC79,Percent Margin of Error; YEAR HOUSEHOLDER MOVED INTO UNIT - Occupied housing units - Moved in 1969 or earlier
HC01_VC83,Estimate; VEHICLES AVAILABLE - Occupied housing units
HC02_VC83,Margin of Error; VEHICLES AVAILABLE - Occupied housing units
HC03_VC83,Percent; VEHICLES AVAILABLE - Occupied housing units
HC04_VC83,Percent Margin of Error; VEHICLES AVAILABLE - Occupied housing units
HC01_VC84,Estimate; VEHICLES AVAILABLE - Occupied housing units - No vehicles available
HC02_VC84,Margin of Error; VEHICLES AVAILABLE - Occupied housing units - No vehicles available
HC03_VC84,Percent; VEHICLES AVAILABLE - Occupied housing units - No vehicles available
HC04_VC84,Percent Margin of Error; VEHICLES AVAILABLE - Occupied housing units - No vehicles available
HC01_VC85,Estimate; VEHICLES AVAILABLE - Occupied housing units - 1 vehicle available
HC02_VC85,Margin of Error; VEHICLES AVAILABLE - Occupied housing units - 1 vehicle available
HC03_VC85,Percent; VEHICLES AVAILABLE - Occupied housing units - 1 vehicle available
HC04_VC85,Percent Margin of Error; VEHICLES AVAILABLE - Occupied housing units - 1 vehicle available
HC01_VC86,Estimate; VEHICLES AVAILABLE - Occupied housing units - 2 vehicles available
HC02_VC86,Margin of Error; VEHICLES AVAILABLE - Occupied housing units - 2 vehicles available
HC03_VC86,Percent; VEHICLES AVAILABLE - Occupied housing units - 2 vehicles available
HC04_VC86,Percent Margin of Error; VEHICLES AVAILABLE - Occupied housing units - 2 vehicles available
HC01_VC87,Estimate; VEHICLES AVAILABLE - Occupied housing units - 3 or more vehicles available
HC02_VC87,Margin of Error; VEHICLES AVAILABLE - Occupied housing units - 3 or more vehicles available
HC03_VC87,Percent; VEHICLES AVAILABLE - Occupied housing units - 3 or more vehicles available
HC04_VC87,Percent Margin of Error; VEHICLES AVAILABLE - Occupied housing units - 3 or more vehicles available
HC01_VC91,Estimate; HOUSE HEATING FUEL - Occupied housing units
HC02_VC91,Margin of Error; HOUSE HEATING FUEL - Occupied housing units
HC03_VC91,Percent; HOUSE HEATING FUEL - Occupied housing units
HC04_VC91,Percent Margin of Error; HOUSE HEATING FUEL - Occupied housing units
HC01_VC92,Estimate; HOUSE HEATING FUEL - Occupied housing units - Utility gas
HC02_VC92,Margin of Error; HOUSE HEATING FUEL - Occupied housing units - Utility gas
HC03_VC92,Percent; HOUSE HEATING FUEL - Occupied housing units - Utility gas
HC04_VC92,Percent Margin of Error; HOUSE HEATING FUEL - Occupied housing units - Utility gas
HC01_VC93,"Estimate; HOUSE HEATING FUEL - Occupied housing units - Bottled, tank, or LP gas"
HC02_VC93,"Margin of Error; HOUSE HEATING FUEL - Occupied housing units - Bottled, tank, or LP gas"
HC03_VC93,"Percent; HOUSE HEATING FUEL - Occupied housing units - Bottled, tank, or LP gas"
HC04_VC93,"Percent Margin of Error; HOUSE HEATING FUEL - Occupied housing units - Bottled, tank, or LP gas"
HC01_VC94,Estimate; HOUSE HEATING FUEL - Occupied housing units - Electricity
HC02_VC94,Margin of Error; HOUSE HEATING FUEL - Occupied housing units - Electricity
HC03_VC94,Percent; HOUSE HEATING FUEL - Occupied housing units - Electricity
HC04_VC94,Percent Margin of Error; HOUSE HEATING FUEL - Occupied housing units - Electricity
HC01_VC95,"Estimate; HOUSE HEATING FUEL - Occupied housing units - Fuel oil, kerosene, etc."
HC02_VC95,"Margin of Error; HOUSE HEATING FUEL - Occupied housing units - Fuel oil, kerosene, etc."
HC03_VC95,"Percent; HOUSE HEATING FUEL - Occupied housing units - Fuel oil, kerosene, etc."
HC04_VC95,"Percent Margin of Error; HOUSE HEATING FUEL - Occupied housing units - Fuel oil, kerosene, etc."
HC01_VC96,Estimate; HOUSE HEATING FUEL - Occupied housing units - Coal or coke
HC02_VC96,Margin of Error; HOUSE HEATING FUEL - Occupied housing units - Coal or coke
HC03_VC96,Percent; HOUSE HEATING FUEL - Occupied housing units - Coal or coke
HC04_VC96,Percent Margin of Error; HOUSE HEATING FUEL - Occupied housing units - Coal or coke
HC01_VC97,Estimate; HOUSE HEATING FUEL - Occupied housing units - Wood
HC02_VC97,Margin of Error; HOUSE HEATING FUEL - Occupied housing units - Wood
HC03_VC97,Percent; HOUSE HEATING FUEL - Occupied housing units - Wood
HC04_VC97,Percent Margin of Error; HOUSE HEATING FUEL - Occupied housing units - Wood
HC01_VC98,Estimate; HOUSE HEATING FUEL - Occupied housing units - Solar energy
HC02_VC98,Margin of Error; HOUSE HEATING FUEL - Occupied housing units - Solar energy
HC03_VC98,Percent; HOUSE HEATING FUEL - Occupied housing units - Solar energy
HC04_VC98,Percent Margin of Error; HOUSE HEATING FUEL - Occupied housing units - Solar energy
HC01_VC99,Estimate; HOUSE HEATING FUEL - Occupied housing units - Other fuel
HC02_VC99,Margin of Error; HOUSE HEATING FUEL - Occupied housing units - Other fuel
HC03_VC99,Percent; HOUSE HEATING FUEL - Occupied housing units - Other fuel
HC04_VC99,Percent Margin of Error; HOUSE HEATING FUEL - Occupied housing units - Other fuel
HC01_VC100,Estimate; HOUSE HEATING FUEL - Occupied housing units - No fuel used
HC02_VC100,Margin of Error; HOUSE HEATING FUEL - Occupied housing units - No fuel used
HC03_VC100,Percent; HOUSE HEATING FUEL - Occupied housing units - No fuel used
HC04_VC100,Percent Margin of Error; HOUSE HEATING FUEL - Occupied housing units - No fuel used
HC01_VC104,Estimate; SELECTED CHARACTERISTICS - Occupied housing units
HC02_VC104,Margin of Error; SELECTED CHARACTERISTICS - Occupied housing units
HC03_VC104,Percent; SELECTED CHARACTERISTICS - Occupied housing units
HC04_VC104,Percent Margin of Error; SELECTED CHARACTERISTICS - Occupied housing units
HC01_VC105,Estimate; SELECTED CHARACTERISTICS - Occupied housing units - Lacking complete plumbing facilities
HC02_VC105,Margin of Error; SELECTED CHARACTERISTICS - Occupied housing units - Lacking complete plumbing facilities
HC03_VC105,Percent; SELECTED CHARACTERISTICS - Occupied housing units - Lacking complete plumbing facilities
HC04_VC105,Percent Margin of Error; SELECTED CHARACTERISTICS - Occupied housing units - Lacking complete plumbing facilities
HC01_VC106,Estimate; SELECTED CHARACTERISTICS - Occupied housing units - Lacking complete kitchen facilities
HC02_VC106,Margin of Error; SELECTED CHARACTERISTICS - Occupied housing units - Lacking complete kitchen facilities
HC03_VC106,Percent; SELECTED CHARACTERISTICS - Occupied housing units - Lacking complete kitchen facilities
HC04_VC106,Percent Margin of Error; SELECTED CHARACTERISTICS - Occupied housing units - Lacking complete kitchen facilities
HC01_VC107,Estimate; SELECTED CHARACTERISTICS - Occupied housing units - No telephone service available
HC02_VC107,Margin of Error; SELECTED CHARACTERISTICS - Occupied housing units - No telephone service available
HC03_VC107,Percent; SELECTED CHARACTERISTICS - Occupied housing units - No telephone service available
HC04_VC107,Percent Margin of Error; SELECTED CHARACTERISTICS - Occupied housing units - No telephone service available
HC01_VC111,Estimate; OCCUPANTS PER ROOM - Occupied housing units
HC02_VC111,Margin of Error; OCCUPANTS PER ROOM - Occupied housing units
HC03_VC111,Percent; OCCUPANTS PER ROOM - Occupied housing units
HC04_VC111,Percent Margin of Error; OCCUPANTS PER ROOM - Occupied housing units
HC01_VC112,Estimate; OCCUPANTS PER ROOM - Occupied housing units - 1.00 or less
HC02_VC112,Margin of Error; OCCUPANTS PER ROOM - Occupied housing units - 1.00 or less
HC03_VC112,Percent; OCCUPANTS PER ROOM - Occupied housing units - 1.00 or less
HC04_VC112,Percent Margin of Error; OCCUPANTS PER ROOM - Occupied housing units - 1.00 or less
HC01_VC113,Estimate; OCCUPANTS PER ROOM - Occupied housing units - 1.01 to 1.50
HC02_VC113,Margin of Error; OCCUPANTS PER ROOM - Occupied housing units - 1.01 to 1.50
HC03_VC113,Percent; OCCUPANTS PER ROOM - Occupied housing units - 1.01 to 1.50
HC04_VC113,Percent Margin of Error; OCCUPANTS PER ROOM - Occupied housing units - 1.01 to 1.50
HC01_VC114,Estimate; OCCUPANTS PER ROOM - Occupied housing units - 1.51 or more
HC02_VC114,Margin of Error; OCCUPANTS PER ROOM - Occupied housing units - 1.51 or more
HC03_VC114,Percent; OCCUPANTS PER ROOM - Occupied housing units - 1.51 or more
HC04_VC114,Percent Margin of Error; OCCUPANTS PER ROOM - Occupied housing units - 1.51 or more
HC01_VC118,Estimate; VALUE - Owner-occupied units
HC02_VC118,Margin of Error; VALUE - Owner-occupied units
HC03_VC118,Percent; VALUE - Owner-occupied units
HC04_VC118,Percent Margin of Error; VALUE - Owner-occupied units
HC01_VC119,"Estimate; VALUE - Owner-occupied units - Less than $50,000"
HC02_VC119,"Margin of Error; VALUE - Owner-occupied units - Less than $50,000"
HC03_VC119,"Percent; VALUE - Owner-occupied units - Less than $50,000"
HC04_VC119,"Percent Margin of Error; VALUE - Owner-occupied units - Less than $50,000"
HC01_VC120,"Estimate; VALUE - Owner-occupied units - $50,000 to $99,999"
HC02_VC120,"Margin of Error; VALUE - Owner-occupied units - $50,000 to $99,999"
HC03_VC120,"Percent; VALUE - Owner-occupied units - $50,000 to $99,999"
HC04_VC120,"Percent Margin of Error; VALUE - Owner-occupied units - $50,000 to $99,999"
HC01_VC121,"Estimate; VALUE - Owner-occupied units - $100,000 to $149,999"
HC02_VC121,"Margin of Error; VALUE - Owner-occupied units - $100,000 to $149,999"
HC03_VC121,"Percent; VALUE - Owner-occupied units - $100,000 to $149,999"
HC04_VC121,"Percent Margin of Error; VALUE - Owner-occupied units - $100,000 to $149,999"
HC01_VC122,"Estimate; VALUE - Owner-occupied units - $150,000 to $199,999"
HC02_VC122,"Margin of Error; VALUE - Owner-occupied units - $150,000 to $199,999"
HC03_VC122,"Percent; VALUE - Owner-occupied units - $150,000 to $199,999"
HC04_VC122,"Percent Margin of Error; VALUE - Owner-occupied units - $150,000 to $199,999"
HC01_VC123,"Estimate; VALUE - Owner-occupied units - $200,000 to $299,999"
HC02_VC123,"Margin of Error; VALUE - Owner-occupied units - $200,000 to $299,999"
HC03_VC123,"Percent; VALUE - Owner-occupied units - $200,000 to $299,999"
HC04_VC123,"Percent Margin of Error; VALUE - Owner-occupied units - $200,000 to $299,999"
HC01_VC124,"Estimate; VALUE - Owner-occupied units - $300,000 to $499,999"
HC02_VC124,"Margin of Error; VALUE - Owner-occupied units - $300,000 to $499,999"
HC03_VC124,"Percent; VALUE - Owner-occupied units - $300,000 to $499,999"
HC04_VC124,"Percent Margin of Error; VALUE - Owner-occupied units - $300,000 to $499,999"
HC01_VC125,"Estimate; VALUE - Owner-occupied units - $500,000 to $999,999"
HC02_VC125,"Margin of Error; VALUE - Owner-occupied units - $500,000 to $999,999"
HC03_VC125,"Percent; VALUE - Owner-occupied units - $500,000 to $999,999"
HC04_VC125,"Percent Margin of Error; VALUE - Owner-occupied units - $500,000 to $999,999"
HC01_VC126,"Estimate; VALUE - Owner-occupied units - $1,000,000 or more"
HC02_VC126,"Margin of Error; VALUE - Owner-occupied units - $1,000,000 or more"
HC03_VC126,"Percent; VALUE - Owner-occupied units - $1,000,000 or more"
HC04_VC126,"Percent Margin of Error; VALUE - Owner-occupied units - $1,000,000 or more"
HC01_VC127,Estimate; VALUE - Owner-occupied units - Median (dollars)
HC02_VC127,Margin of Error; VALUE - Owner-occupied units - Median (dollars)
HC03_VC127,Percent; VALUE - Owner-occupied units - Median (dollars)
HC04_VC127,Percent Margin of Error; VALUE - Owner-occupied units - Median (dollars)
HC01_VC131,Estimate; MORTGAGE STATUS - Owner-occupied units
HC02_VC131,Margin of Error; MORTGAGE STATUS - Owner-occupied units
HC03_VC131,Percent; MORTGAGE STATUS - Owner-occupied units
HC04_VC131,Percent Margin of Error; MORTGAGE STATUS - Owner-occupied units
HC01_VC132,Estimate; MORTGAGE STATUS - Owner-occupied units - Housing units with a mortgage
HC02_VC132,Margin of Error; MORTGAGE STATUS - Owner-occupied units - Housing units with a mortgage
HC03_VC132,Percent; MORTGAGE STATUS - Owner-occupied units - Housing units with a mortgage
HC04_VC132,Percent Margin of Error; MORTGAGE STATUS - Owner-occupied units - Housing units with a mortgage
HC01_VC133,Estimate; MORTGAGE STATUS - Owner-occupied units - Housing units without a mortgage
HC02_VC133,Margin of Error; MORTGAGE STATUS - Owner-occupied units - Housing units without a mortgage
HC03_VC133,Percent; MORTGAGE STATUS - Owner-occupied units - Housing units without a mortgage
HC04_VC133,Percent Margin of Error; MORTGAGE STATUS - Owner-occupied units - Housing units without a mortgage
HC01_VC137,Estimate; SELECTED MONTHLY OWNER COSTS (SMOC) - Housing units with a mortgage
HC02_VC137,Margin of Error; SELECTED MONTHLY OWNER COSTS (SMOC) - Housing units with a mortgage
HC03_VC137,Percent; SELECTED MONTHLY OWNER COSTS (SMOC) - Housing units with a mortgage
HC04_VC137,Percent Margin of Error; SELECTED MONTHLY OWNER COSTS (SMOC) - Housing units with a mortgage
HC01_VC138,Estimate; SELECTED MONTHLY OWNER COSTS (SMOC) - Housing units with a mortgage - Less than $300
HC02_VC138,Margin of Error; SELECTED MONTHLY OWNER COSTS (SMOC) - Housing units with a mortgage - Less than $300
HC03_VC138,Percent; SELECTED MONTHLY OWNER COSTS (SMOC) - Housing units with a mortgage - Less than $300
HC04_VC138,Percent Margin of Error; SELECTED MONTHLY OWNER COSTS (SMOC) - Housing units with a mortgage - Less than $300
HC01_VC139,Estimate; SELECTED MONTHLY OWNER COSTS (SMOC) - Housing units with a mortgage - $300 to $499
HC02_VC139,Margin of Error; SELECTED MONTHLY OWNER COSTS (SMOC) - Housing units with a mortgage - $300 to $499
HC03_VC139,Percent; SELECTED MONTHLY OWNER COSTS (SMOC) - Housing units with a mortgage - $300 to $499
HC04_VC139,Percent Margin of Error; SELECTED MONTHLY OWNER COSTS (SMOC) - Housing units with a mortgage - $300 to $499
HC01_VC140,Estimate; SELECTED MONTHLY OWNER COSTS (SMOC) - Housing units with a mortgage - $500 to $699
HC02_VC140,Margin of Error; SELECTED MONTHLY OWNER COSTS (SMOC) - Housing units with a mortgage - $500 to $699
HC03_VC140,Percent; SELECTED MONTHLY OWNER COSTS (SMOC) - Housing units with a mortgage - $500 to $699
HC04_VC140,Percent Margin of Error; SELECTED MONTHLY OWNER COSTS (SMOC) - Housing units with a mortgage - $500 to $699
HC01_VC141,Estimate; SELECTED MONTHLY OWNER COSTS (SMOC) - Housing units with a mortgage - $700 to $999
HC02_VC141,Margin of Error; SELECTED MONTHLY OWNER COSTS (SMOC) - Housing units with a mortgage - $700 to $999
HC03_VC141,Percent; SELECTED MONTHLY OWNER COSTS (SMOC) - Housing units with a mortgage - $700 to $999
HC04_VC141,Percent Margin of Error; SELECTED MONTHLY OWNER COSTS (SMOC) - Housing units with a mortgage - $700 to $999
HC01_VC142,"Estimate; SELECTED MONTHLY OWNER COSTS (SMOC) - Housing units with a mortgage - $1,000 to $1,499"
HC02_VC142,"Margin of Error; SELECTED MONTHLY OWNER COSTS (SMOC) - Housing units with a mortgage - $1,000 to $1,499"
HC03_VC142,"Percent; SELECTED MONTHLY OWNER COSTS (SMOC) - Housing units with a mortgage - $1,000 to $1,499"
HC04_VC142,"Percent Margin of Error; SELECTED MONTHLY OWNER COSTS (SMOC) - Housing units with a mortgage - $1,000 to $1,499"
HC01_VC143,"Estimate; SELECTED MONTHLY OWNER COSTS (SMOC) - Housing units with a mortgage - $1,500 to $1,999"
HC02_VC143,"Margin of Error; SELECTED MONTHLY OWNER COSTS (SMOC) - Housing units with a mortgage - $1,500 to $1,999"
HC03_VC143,"Percent; SELECTED MONTHLY OWNER COSTS (SMOC) - Housing units with a mortgage - $1,500 to $1,999"
HC04_VC143,"Percent Margin of Error; SELECTED MONTHLY OWNER COSTS (SMOC) - Housing units with a mortgage - $1,500 to $1,999"
HC01_VC144,"Estimate; SELECTED MONTHLY OWNER COSTS (SMOC) - Housing units with a mortgage - $2,000 or more"
HC02_VC144,"Margin of Error; SELECTED MONTHLY OWNER COSTS (SMOC) - Housing units with a mortgage - $2,000 or more"
HC03_VC144,"Percent; SELECTED MONTHLY OWNER COSTS (SMOC) - Housing units with a mortgage - $2,000 or more"
HC04_VC144,"Percent Margin of Error; SELECTED MONTHLY OWNER COSTS (SMOC) - Housing units with a mortgage - $2,000 or more"
HC01_VC145,Estimate; SELECTED MONTHLY OWNER COSTS (SMOC) - Housing units with a mortgage - Median (dollars)
HC02_VC145,Margin of Error; SELECTED MONTHLY OWNER COSTS (SMOC) - Housing units with a mortgage - Median (dollars)
HC03_VC145,Percent; SELECTED MONTHLY OWNER COSTS (SMOC) - Housing units with a mortgage - Median (dollars)
HC04_VC145,Percent Margin of Error; SELECTED MONTHLY OWNER COSTS (SMOC) - Housing units with a mortgage - Median (dollars)
HC01_VC147,Estimate; SELECTED MONTHLY OWNER COSTS (SMOC) - Housing units without a mortgage
HC02_VC147,Margin of Error; SELECTED MONTHLY OWNER COSTS (SMOC) - Housing units without a mortgage
HC03_VC147,Percent; SELECTED MONTHLY OWNER COSTS (SMOC) - Housing units without a mortgage
HC04_VC147,Percent Margin of Error; SELECTED MONTHLY OWNER COSTS (SMOC) - Housing units without a mortgage
HC01_VC148,Estimate; SELECTED MONTHLY OWNER COSTS (SMOC) - Housing units without a mortgage - Less than $100
HC02_VC148,Margin of Error; SELECTED MONTHLY OWNER COSTS (SMOC) - Housing units without a mortgage - Less than $100
HC03_VC148,Percent; SELECTED MONTHLY OWNER COSTS (SMOC) - Housing units without a mortgage - Less than $100
HC04_VC148,Percent Margin of Error; SELECTED MONTHLY OWNER COSTS (SMOC) - Housing units without a mortgage - Less than $100
HC01_VC149,Estimate; SELECTED MONTHLY OWNER COSTS (SMOC) - Housing units without a mortgage - $100 to $199
HC02_VC149,Margin of Error; SELECTED MONTHLY OWNER COSTS (SMOC) - Housing units without a mortgage - $100 to $199
HC03_VC149,Percent; SELECTED MONTHLY OWNER COSTS (SMOC) - Housing units without a mortgage - $100 to $199
HC04_VC149,Percent Margin of Error; SELECTED MONTHLY OWNER COSTS (SMOC) - Housing units without a mortgage - $100 to $199
HC01_VC150,Estimate; SELECTED MONTHLY OWNER COSTS (SMOC) - Housing units without a mortgage - $200 to $299
HC02_VC150,Margin of Error; SELECTED MONTHLY OWNER COSTS (SMOC) - Housing units without a mortgage - $200 to $299
HC03_VC150,Percent; SELECTED MONTHLY OWNER COSTS (SMOC) - Housing units without a mortgage - $200 to $299
HC04_VC150,Percent Margin of Error; SELECTED MONTHLY OWNER COSTS (SMOC) - Housing units without a mortgage - $200 to $299
HC01_VC151,Estimate; SELECTED MONTHLY OWNER COSTS (SMOC) - Housing units without a mortgage - $300 to $399
HC02_VC151,Margin of Error; SELECTED MONTHLY OWNER COSTS (SMOC) - Housing units without a mortgage - $300 to $399
HC03_VC151,Percent; SELECTED MONTHLY OWNER COSTS (SMOC) - Housing units without a mortgage - $300 to $399
HC04_VC151,Percent Margin of Error; SELECTED MONTHLY OWNER COSTS (SMOC) - Housing units without a mortgage - $300 to $399
HC01_VC152,Estimate; SELECTED MONTHLY OWNER COSTS (SMOC) - Housing units without a mortgage - $400 or more
HC02_VC152,Margin of Error; SELECTED MONTHLY OWNER COSTS (SMOC) - Housing units without a mortgage - $400 or more
HC03_VC152,Percent; SELECTED MONTHLY OWNER COSTS (SMOC) - Housing units without a mortgage - $400 or more
HC04_VC152,Percent Margin of Error; SELECTED MONTHLY OWNER COSTS (SMOC) - Housing units without a mortgage - $400 or more
HC01_VC153,Estimate; SELECTED MONTHLY OWNER COSTS (SMOC) - Housing units without a mortgage - Median (dollars)
HC02_VC153,Margin of Error; SELECTED MONTHLY OWNER COSTS (SMOC) - Housing units without a mortgage - Median (dollars)
HC03_VC153,Percent; SELECTED MONTHLY OWNER COSTS (SMOC) - Housing units without a mortgage - Median (dollars)
HC04_VC153,Percent Margin of Error; SELECTED MONTHLY OWNER COSTS (SMOC) - Housing units without a mortgage - Median (dollars)
HC01_VC157,Estimate; SELECTED MONTHLY OWNER COSTS AS A PERCENTAGE OF HOUSEHOLD INCOME (SMOCAPI) - Housing units with a mortgage (excluding units where SMOCAPI cannot be computed)
HC02_VC157,Margin of Error; SELECTED MONTHLY OWNER COSTS AS A PERCENTAGE OF HOUSEHOLD INCOME (SMOCAPI) - Housing units with a mortgage (excluding units where SMOCAPI cannot be computed)
HC03_VC157,Percent; SELECTED MONTHLY OWNER COSTS AS A PERCENTAGE OF HOUSEHOLD INCOME (SMOCAPI) - Housing units with a mortgage (excluding units where SMOCAPI cannot be computed)
HC04_VC157,Percent Margin of Error; SELECTED MONTHLY OWNER COSTS AS A PERCENTAGE OF HOUSEHOLD INCOME (SMOCAPI) - Housing units with a mortgage (excluding units where SMOCAPI cannot be computed)
HC01_VC158,Estimate; SELECTED MONTHLY OWNER COSTS AS A PERCENTAGE OF HOUSEHOLD INCOME (SMOCAPI) - Housing units with a mortgage (excluding units where SMOCAPI cannot be computed) - Less than 20.0 percent
HC02_VC158,Margin of Error; SELECTED MONTHLY OWNER COSTS AS A PERCENTAGE OF HOUSEHOLD INCOME (SMOCAPI) - Housing units with a mortgage (excluding units where SMOCAPI cannot be computed) - Less than 20.0 percent
HC03_VC158,Percent; SELECTED MONTHLY OWNER COSTS AS A PERCENTAGE OF HOUSEHOLD INCOME (SMOCAPI) - Housing units with a mortgage (excluding units where SMOCAPI cannot be computed) - Less than 20.0 percent
HC04_VC158,Percent Margin of Error; SELECTED MONTHLY OWNER COSTS AS A PERCENTAGE OF HOUSEHOLD INCOME (SMOCAPI) - Housing units with a mortgage (excluding units where SMOCAPI cannot be computed) - Less than 20.0 percent
HC01_VC159,Estimate; SELECTED MONTHLY OWNER COSTS AS A PERCENTAGE OF HOUSEHOLD INCOME (SMOCAPI) - Housing units with a mortgage (excluding units where SMOCAPI cannot be computed) - 20.0 to 24.9 percent
HC02_VC159,Margin of Error; SELECTED MONTHLY OWNER COSTS AS A PERCENTAGE OF HOUSEHOLD INCOME (SMOCAPI) - Housing units with a mortgage (excluding units where SMOCAPI cannot be computed) - 20.0 to 24.9 percent
HC03_VC159,Percent; SELECTED MONTHLY OWNER COSTS AS A PERCENTAGE OF HOUSEHOLD INCOME (SMOCAPI) - Housing units with a mortgage (excluding units where SMOCAPI cannot be computed) - 20.0 to 24.9 percent
HC04_VC159,Percent Margin of Error; SELECTED MONTHLY OWNER COSTS AS A PERCENTAGE OF HOUSEHOLD INCOME (SMOCAPI) - Housing units with a mortgage (excluding units where SMOCAPI cannot be computed) - 20.0 to 24.9 percent
HC01_VC160,Estimate; SELECTED MONTHLY OWNER COSTS AS A PERCENTAGE OF HOUSEHOLD INCOME (SMOCAPI) - Housing units with a mortgage (excluding units where SMOCAPI cannot be computed) - 25.0 to 29.9 percent
HC02_VC160,Margin of Error; SELECTED MONTHLY OWNER COSTS AS A PERCENTAGE OF HOUSEHOLD INCOME (SMOCAPI) - Housing units with a mortgage (excluding units where SMOCAPI cannot be computed) - 25.0 to 29.9 percent
HC03_VC160,Percent; SELECTED MONTHLY OWNER COSTS AS A PERCENTAGE OF HOUSEHOLD INCOME (SMOCAPI) - Housing units with a mortgage (excluding units where SMOCAPI cannot be computed) - 25.0 to 29.9 percent
HC04_VC160,Percent Margin of Error; SELECTED MONTHLY OWNER COSTS AS A PERCENTAGE OF HOUSEHOLD INCOME (SMOCAPI) - Housing units with a mortgage (excluding units where SMOCAPI cannot be computed) - 25.0 to 29.9 percent
HC01_VC161,Estimate; SELECTED MONTHLY OWNER COSTS AS A PERCENTAGE OF HOUSEHOLD INCOME (SMOCAPI) - Housing units with a mortgage (excluding units where SMOCAPI cannot be computed) - 30.0 to 34.9 percent
HC02_VC161,Margin of Error; SELECTED MONTHLY OWNER COSTS AS A PERCENTAGE OF HOUSEHOLD INCOME (SMOCAPI) - Housing units with a mortgage (excluding units where SMOCAPI cannot be computed) - 30.0 to 34.9 percent
HC03_VC161,Percent; SELECTED MONTHLY OWNER COSTS AS A PERCENTAGE OF HOUSEHOLD INCOME (SMOCAPI) - Housing units with a mortgage (excluding units where SMOCAPI cannot be computed) - 30.0 to 34.9 percent
HC04_VC161,Percent Margin of Error; SELECTED MONTHLY OWNER COSTS AS A PERCENTAGE OF HOUSEHOLD INCOME (SMOCAPI) - Housing units with a mortgage (excluding units where SMOCAPI cannot be computed) - 30.0 to 34.9 percent
HC01_VC162,Estimate; SELECTED MONTHLY OWNER COSTS AS A PERCENTAGE OF HOUSEHOLD INCOME (SMOCAPI) - Housing units with a mortgage (excluding units where SMOCAPI cannot be computed) - 35.0 percent or more
HC02_VC162,Margin of Error; SELECTED MONTHLY OWNER COSTS AS A PERCENTAGE OF HOUSEHOLD INCOME (SMOCAPI) - Housing units with a mortgage (excluding units where SMOCAPI cannot be computed) - 35.0 percent or more
HC03_VC162,Percent; SELECTED MONTHLY OWNER COSTS AS A PERCENTAGE OF HOUSEHOLD INCOME (SMOCAPI) - Housing units with a mortgage (excluding units where SMOCAPI cannot be computed) - 35.0 percent or more
HC04_VC162,Percent Margin of Error; SELECTED MONTHLY OWNER COSTS AS A PERCENTAGE OF HOUSEHOLD INCOME (SMOCAPI) - Housing units with a mortgage (excluding units where SMOCAPI cannot be computed) - 35.0 percent or more
HC01_VC165,Estimate; SELECTED MONTHLY OWNER COSTS AS A PERCENTAGE OF HOUSEHOLD INCOME (SMOCAPI) - Not computed
HC02_VC165,Margin of Error; SELECTED MONTHLY OWNER COSTS AS A PERCENTAGE OF HOUSEHOLD INCOME (SMOCAPI) - Not computed
HC03_VC165,Percent; SELECTED MONTHLY OWNER COSTS AS A PERCENTAGE OF HOUSEHOLD INCOME (SMOCAPI) - Not computed
HC04_VC165,Percent Margin of Error; SELECTED MONTHLY OWNER COSTS AS A PERCENTAGE OF HOUSEHOLD INCOME (SMOCAPI) - Not computed
HC01_VC167,Estimate; SELECTED MONTHLY OWNER COSTS AS A PERCENTAGE OF HOUSEHOLD INCOME (SMOCAPI) - Housing unit without a mortgage (excluding units where SMOCAPI cannot be computed)
HC02_VC167,Margin of Error; SELECTED MONTHLY OWNER COSTS AS A PERCENTAGE OF HOUSEHOLD INCOME (SMOCAPI) - Housing unit without a mortgage (excluding units where SMOCAPI cannot be computed)
HC03_VC167,Percent; SELECTED MONTHLY OWNER COSTS AS A PERCENTAGE OF HOUSEHOLD INCOME (SMOCAPI) - Housing unit without a mortgage (excluding units where SMOCAPI cannot be computed)
HC04_VC167,Percent Margin of Error; SELECTED MONTHLY OWNER COSTS AS A PERCENTAGE OF HOUSEHOLD INCOME (SMOCAPI) - Housing unit without a mortgage (excluding units where SMOCAPI cannot be computed)
HC01_VC168,Estimate; SELECTED MONTHLY OWNER COSTS AS A PERCENTAGE OF HOUSEHOLD INCOME (SMOCAPI) - Housing unit without a mortgage (excluding units where SMOCAPI cannot be computed) - Less than 10.0 percent
HC02_VC168,Margin of Error; SELECTED MONTHLY OWNER COSTS AS A PERCENTAGE OF HOUSEHOLD INCOME (SMOCAPI) - Housing unit without a mortgage (excluding units where SMOCAPI cannot be computed) - Less than 10.0 percent
HC03_VC168,Percent; SELECTED MONTHLY OWNER COSTS AS A PERCENTAGE OF HOUSEHOLD INCOME (SMOCAPI) - Housing unit without a mortgage (excluding units where SMOCAPI cannot be computed) - Less than 10.0 percent
HC04_VC168,Percent Margin of Error; SELECTED MONTHLY OWNER COSTS AS A PERCENTAGE OF HOUSEHOLD INCOME (SMOCAPI) - Housing unit without a mortgage (excluding units where SMOCAPI cannot be computed) - Less than 10.0 percent
HC01_VC169,Estimate; SELECTED MONTHLY OWNER COSTS AS A PERCENTAGE OF HOUSEHOLD INCOME (SMOCAPI) - Housing unit without a mortgage (excluding units where SMOCAPI cannot be computed) - 10.0 to 14.9 percent
HC02_VC169,Margin of Error; SELECTED MONTHLY OWNER COSTS AS A PERCENTAGE OF HOUSEHOLD INCOME (SMOCAPI) - Housing unit without a mortgage (excluding units where SMOCAPI cannot be computed) - 10.0 to 14.9 percent
HC03_VC169,Percent; SELECTED MONTHLY OWNER COSTS AS A PERCENTAGE OF HOUSEHOLD INCOME (SMOCAPI) - Housing unit without a mortgage (excluding units where SMOCAPI cannot be computed) - 10.0 to 14.9 percent
HC04_VC169,Percent Margin of Error; SELECTED MONTHLY OWNER COSTS AS A PERCENTAGE OF HOUSEHOLD INCOME (SMOCAPI) - Housing unit without a mortgage (excluding units where SMOCAPI cannot be computed) - 10.0 to 14.9 percent
HC01_VC170,Estimate; SELECTED MONTHLY OWNER COSTS AS A PERCENTAGE OF HOUSEHOLD INCOME (SMOCAPI) - Housing unit without a mortgage (excluding units where SMOCAPI cannot be computed) - 15.0 to 19.9 percent
HC02_VC170,Margin of Error; SELECTED MONTHLY OWNER COSTS AS A PERCENTAGE OF HOUSEHOLD INCOME (SMOCAPI) - Housing unit without a mortgage (excluding units where SMOCAPI cannot be computed) - 15.0 to 19.9 percent
HC03_VC170,Percent; SELECTED MONTHLY OWNER COSTS AS A PERCENTAGE OF HOUSEHOLD INCOME (SMOCAPI) - Housing unit without a mortgage (excluding units where SMOCAPI cannot be computed) - 15.0 to 19.9 percent
HC04_VC170,Percent Margin of Error; SELECTED MONTHLY OWNER COSTS AS A PERCENTAGE OF HOUSEHOLD INCOME (SMOCAPI) - Housing unit without a mortgage (excluding units where SMOCAPI cannot be computed) - 15.0 to 19.9 percent
HC01_VC171,Estimate; SELECTED MONTHLY OWNER COSTS AS A PERCENTAGE OF HOUSEHOLD INCOME (SMOCAPI) - Housing unit without a mortgage (excluding units where SMOCAPI cannot be computed) - 20.0 to 24.9 percent
HC02_VC171,Margin of Error; SELECTED MONTHLY OWNER COSTS AS A PERCENTAGE OF HOUSEHOLD INCOME (SMOCAPI) - Housing unit without a mortgage (excluding units where SMOCAPI cannot be computed) - 20.0 to 24.9 percent
HC03_VC171,Percent; SELECTED MONTHLY OWNER COSTS AS A PERCENTAGE OF HOUSEHOLD INCOME (SMOCAPI) - Housing unit without a mortgage (excluding units where SMOCAPI cannot be computed) - 20.0 to 24.9 percent
HC04_VC171,Percent Margin of Error; SELECTED MONTHLY OWNER COSTS AS A PERCENTAGE OF HOUSEHOLD INCOME (SMOCAPI) - Housing unit without a mortgage (excluding units where SMOCAPI cannot be computed) - 20.0 to 24.9 percent
HC01_VC172,Estimate; SELECTED MONTHLY OWNER COSTS AS A PERCENTAGE OF HOUSEHOLD INCOME (SMOCAPI) - Housing unit without a mortgage (excluding units where SMOCAPI cannot be computed) - 25.0 to 29.9 percent
HC02_VC172,Margin of Error; SELECTED MONTHLY OWNER COSTS AS A PERCENTAGE OF HOUSEHOLD INCOME (SMOCAPI) - Housing unit without a mortgage (excluding units where SMOCAPI cannot be computed) - 25.0 to 29.9 percent
HC03_VC172,Percent; SELECTED MONTHLY OWNER COSTS AS A PERCENTAGE OF HOUSEHOLD INCOME (SMOCAPI) - Housing unit without a mortgage (excluding units where SMOCAPI cannot be computed) - 25.0 to 29.9 percent
HC04_VC172,Percent Margin of Error; SELECTED MONTHLY OWNER COSTS AS A PERCENTAGE OF HOUSEHOLD INCOME (SMOCAPI) - Housing unit without a mortgage (excluding units where SMOCAPI cannot be computed) - 25.0 to 29.9 percent
HC01_VC173,Estimate; SELECTED MONTHLY OWNER COSTS AS A PERCENTAGE OF HOUSEHOLD INCOME (SMOCAPI) - Housing unit without a mortgage (excluding units where SMOCAPI cannot be computed) - 30.0 to 34.9 percent
HC02_VC173,Margin of Error; SELECTED MONTHLY OWNER COSTS AS A PERCENTAGE OF HOUSEHOLD INCOME (SMOCAPI) - Housing unit without a mortgage (excluding units where SMOCAPI cannot be computed) - 30.0 to 34.9 percent
HC03_VC173,Percent; SELECTED MONTHLY OWNER COSTS AS A PERCENTAGE OF HOUSEHOLD INCOME (SMOCAPI) - Housing unit without a mortgage (excluding units where SMOCAPI cannot be computed) - 30.0 to 34.9 percent
HC04_VC173,Percent Margin of Error; SELECTED MONTHLY OWNER COSTS AS A PERCENTAGE OF HOUSEHOLD INCOME (SMOCAPI) - Housing unit without a mortgage (excluding units where SMOCAPI cannot be computed) - 30.0 to 34.9 percent
HC01_VC174,Estimate; SELECTED MONTHLY OWNER COSTS AS A PERCENTAGE OF HOUSEHOLD INCOME (SMOCAPI) - Housing unit without a mortgage (excluding units where SMOCAPI cannot be computed) - 35.0 percent or more
HC02_VC174,Margin of Error; SELECTED MONTHLY OWNER COSTS AS A PERCENTAGE OF HOUSEHOLD INCOME (SMOCAPI) - Housing unit without a mortgage (excluding units where SMOCAPI cannot be computed) - 35.0 percent or more
HC03_VC174,Percent; SELECTED MONTHLY OWNER COSTS AS A PERCENTAGE OF HOUSEHOLD INCOME (SMOCAPI) - Housing unit without a mortgage (excluding units where SMOCAPI cannot be computed) - 35.0 percent or more
HC04_VC174,Percent Margin of Error; SELECTED MONTHLY OWNER COSTS AS A PERCENTAGE OF HOUSEHOLD INCOME (SMOCAPI) - Housing unit without a mortgage (excluding units where SMOCAPI cannot be computed) - 35.0 percent or more
HC01_VC177,Estimate; SELECTED MONTHLY OWNER COSTS AS A PERCENTAGE OF HOUSEHOLD INCOME (SMOCAPI) - Not computed
HC02_VC177,Margin of Error; SELECTED MONTHLY OWNER COSTS AS A PERCENTAGE OF HOUSEHOLD INCOME (SMOCAPI) - Not computed
HC03_VC177,Percent; SELECTED MONTHLY OWNER COSTS AS A PERCENTAGE OF HOUSEHOLD INCOME (SMOCAPI) - Not computed
HC04_VC177,Percent Margin of Error; SELECTED MONTHLY OWNER COSTS AS A PERCENTAGE OF HOUSEHOLD INCOME (SMOCAPI) - Not computed
HC01_VC181,Estimate; GROSS RENT - Occupied units paying rent
HC02_VC181,Margin of Error; GROSS RENT - Occupied units paying rent
HC03_VC181,Percent; GROSS RENT - Occupied units paying rent
HC04_VC181,Percent Margin of Error; GROSS RENT - Occupied units paying rent
HC01_VC182,Estimate; GROSS RENT - Occupied units paying rent - Less than $200
HC02_VC182,Margin of Error; GROSS RENT - Occupied units paying rent - Less than $200
HC03_VC182,Percent; GROSS RENT - Occupied units paying rent - Less than $200
HC04_VC182,Percent Margin of Error; GROSS RENT - Occupied units paying rent - Less than $200
HC01_VC183,Estimate; GROSS RENT - Occupied units paying rent - $200 to $299
HC02_VC183,Margin of Error; GROSS RENT - Occupied units paying rent - $200 to $299
HC03_VC183,Percent; GROSS RENT - Occupied units paying rent - $200 to $299
HC04_VC183,Percent Margin of Error; GROSS RENT - Occupied units paying rent - $200 to $299
HC01_VC184,Estimate; GROSS RENT - Occupied units paying rent - $300 to $499
HC02_VC184,Margin of Error; GROSS RENT - Occupied units paying rent - $300 to $499
HC03_VC184,Percent; GROSS RENT - Occupied units paying rent - $300 to $499
HC04_VC184,Percent Margin of Error; GROSS RENT - Occupied units paying rent - $300 to $499
HC01_VC185,Estimate; GROSS RENT - Occupied units paying rent - $500 to $749
HC02_VC185,Margin of Error; GROSS RENT - Occupied units paying rent - $500 to $749
HC03_VC185,Percent; GROSS RENT - Occupied units paying rent - $500 to $749
HC04_VC185,Percent Margin of Error; GROSS RENT - Occupied units paying rent - $500 to $749
HC01_VC186,Estimate; GROSS RENT - Occupied units paying rent - $750 to $999
HC02_VC186,Margin of Error; GROSS RENT - Occupied units paying rent - $750 to $999
HC03_VC186,Percent; GROSS RENT - Occupied units paying rent - $750 to $999
HC04_VC186,Percent Margin of Error; GROSS RENT - Occupied units paying rent - $750 to $999
HC01_VC187,"Estimate; GROSS RENT - Occupied units paying rent - $1,000 to $1,499"
HC02_VC187,"Margin of Error; GROSS RENT - Occupied units paying rent - $1,000 to $1,499"
HC03_VC187,"Percent; GROSS RENT - Occupied units paying rent - $1,000 to $1,499"
HC04_VC187,"Percent Margin of Error; GROSS RENT - Occupied units paying rent - $1,000 to $1,499"
HC01_VC188,"Estimate; GROSS RENT - Occupied units paying rent - $1,500 or more"
HC02_VC188,"Margin of Error; GROSS RENT - Occupied units paying rent - $1,500 or more"
HC03_VC188,"Percent; GROSS RENT - Occupied units paying rent - $1,500 or more"
HC04_VC188,"Percent Margin of Error; GROSS RENT - Occupied units paying rent - $1,500 or more"
HC01_VC189,Estimate; GROSS RENT - Occupied units paying rent - Median (dollars)
HC02_VC189,Margin of Error; GROSS RENT - Occupied units paying rent - Median (dollars)
HC03_VC189,Percent; GROSS RENT - Occupied units paying rent - Median (dollars)
HC04_VC189,Percent Margin of Error; GROSS RENT - Occupied units paying rent - Median (dollars)
HC01_VC192,Estimate; GROSS RENT - No rent paid
HC02_VC192,Margin of Error; GROSS RENT - No rent paid
HC03_VC192,Percent; GROSS RENT - No rent paid
HC04_VC192,Percent Margin of Error; GROSS RENT - No rent paid
HC01_VC196,Estimate; GROSS RENT AS A PERCENTAGE OF HOUSEHOLD INCOME (GRAPI) - Occupied units paying rent (excluding units where GRAPI cannot be computed)
HC02_VC196,Margin of Error; GROSS RENT AS A PERCENTAGE OF HOUSEHOLD INCOME (GRAPI) - Occupied units paying rent (excluding units where GRAPI cannot be computed)
HC03_VC196,Percent; GROSS RENT AS A PERCENTAGE OF HOUSEHOLD INCOME (GRAPI) - Occupied units paying rent (excluding units where GRAPI cannot be computed)
HC04_VC196,Percent Margin of Error; GROSS RENT AS A PERCENTAGE OF HOUSEHOLD INCOME (GRAPI) - Occupied units paying rent (excluding units where GRAPI cannot be computed)
HC01_VC197,Estimate; GROSS RENT AS A PERCENTAGE OF HOUSEHOLD INCOME (GRAPI) - Occupied units paying rent (excluding units where GRAPI cannot be computed) - Less than 15.0 percent
HC02_VC197,Margin of Error; GROSS RENT AS A PERCENTAGE OF HOUSEHOLD INCOME (GRAPI) - Occupied units paying rent (excluding units where GRAPI cannot be computed) - Less than 15.0 percent
HC03_VC197,Percent; GROSS RENT AS A PERCENTAGE OF HOUSEHOLD INCOME (GRAPI) - Occupied units paying rent (excluding units where GRAPI cannot be computed) - Less than 15.0 percent
HC04_VC197,Percent Margin of Error; GROSS RENT AS A PERCENTAGE OF HOUSEHOLD INCOME (GRAPI) - Occupied units paying rent (excluding units where GRAPI cannot be computed) - Less than 15.0 percent
HC01_VC198,Estimate; GROSS RENT AS A PERCENTAGE OF HOUSEHOLD INCOME (GRAPI) - Occupied units paying rent (excluding units where GRAPI cannot be computed) - 15.0 to 19.9 percent
HC02_VC198,Margin of Error; GROSS RENT AS A PERCENTAGE OF HOUSEHOLD INCOME (GRAPI) - Occupied units paying rent (excluding units where GRAPI cannot be computed) - 15.0 to 19.9 percent
HC03_VC198,Percent; GROSS RENT AS A PERCENTAGE OF HOUSEHOLD INCOME (GRAPI) - Occupied units paying rent (excluding units where GRAPI cannot be computed) - 15.0 to 19.9 percent
HC04_VC198,Percent Margin of Error; GROSS RENT AS A PERCENTAGE OF HOUSEHOLD INCOME (GRAPI) - Occupied units paying rent (excluding units where GRAPI cannot be computed) - 15.0 to 19.9 percent
HC01_VC199,Estimate; GROSS RENT AS A PERCENTAGE OF HOUSEHOLD INCOME (GRAPI) - Occupied units paying rent (excluding units where GRAPI cannot be computed) - 20.0 to 24.9 percent
HC02_VC199,Margin of Error; GROSS RENT AS A PERCENTAGE OF HOUSEHOLD INCOME (GRAPI) - Occupied units paying rent (excluding units where GRAPI cannot be computed) - 20.0 to 24.9 percent
HC03_VC199,Percent; GROSS RENT AS A PERCENTAGE OF HOUSEHOLD INCOME (GRAPI) - Occupied units paying rent (excluding units where GRAPI cannot be computed) - 20.0 to 24.9 percent
HC04_VC199,Percent Margin of Error; GROSS RENT AS A PERCENTAGE OF HOUSEHOLD INCOME (GRAPI) - Occupied units paying rent (excluding units where GRAPI cannot be computed) - 20.0 to 24.9 percent
HC01_VC200,Estimate; GROSS RENT AS A PERCENTAGE OF HOUSEHOLD INCOME (GRAPI) - Occupied units paying rent (excluding units where GRAPI cannot be computed) - 25.0 to 29.9 percent
HC02_VC200,Margin of Error; GROSS RENT AS A PERCENTAGE OF HOUSEHOLD INCOME (GRAPI) - Occupied units paying rent (excluding units where GRAPI cannot be computed) - 25.0 to 29.9 percent
HC03_VC200,Percent; GROSS RENT AS A PERCENTAGE OF HOUSEHOLD INCOME (GRAPI) - Occupied units paying rent (excluding units where GRAPI cannot be computed) - 25.0 to 29.9 percent
HC04_VC200,Percent Margin of Error; GROSS RENT AS A PERCENTAGE OF HOUSEHOLD INCOME (GRAPI) - Occupied units paying rent (excluding units where GRAPI cannot be computed) - 25.0 to 29.9 percent
HC01_VC201,Estimate; GROSS RENT AS A PERCENTAGE OF HOUSEHOLD INCOME (GRAPI) - Occupied units paying rent (excluding units where GRAPI cannot be computed) - 30.0 to 34.9 percent
HC02_VC201,Margin of Error; GROSS RENT AS A PERCENTAGE OF HOUSEHOLD INCOME (GRAPI) - Occupied units paying rent (excluding units where GRAPI cannot be computed) - 30.0 to 34.9 percent
HC03_VC201,Percent; GROSS RENT AS A PERCENTAGE OF HOUSEHOLD INCOME (GRAPI) - Occupied units paying rent (excluding units where GRAPI cannot be computed) - 30.0 to 34.9 percent
HC04_VC201,Percent Margin of Error; GROSS RENT AS A PERCENTAGE OF HOUSEHOLD INCOME (GRAPI) - Occupied units paying rent (excluding units where GRAPI cannot be computed) - 30.0 to 34.9 percent
HC01_VC202,Estimate; GROSS RENT AS A PERCENTAGE OF HOUSEHOLD INCOME (GRAPI) - Occupied units paying rent (excluding units where GRAPI cannot be computed) - 35.0 percent or more
HC02_VC202,Margin of Error; GROSS RENT AS A PERCENTAGE OF HOUSEHOLD INCOME (GRAPI) - Occupied units paying rent (excluding units where GRAPI cannot be computed) - 35.0 percent or more
HC03_VC202,Percent; GROSS RENT AS A PERCENTAGE OF HOUSEHOLD INCOME (GRAPI) - Occupied units paying rent (excluding units where GRAPI cannot be computed) - 35.0 percent or more
HC04_VC202,Percent Margin of Error; GROSS RENT AS A PERCENTAGE OF HOUSEHOLD INCOME (GRAPI) - Occupied units paying rent (excluding units where GRAPI cannot be computed) - 35.0 percent or more
HC01_VC205,Estimate; GROSS RENT AS A PERCENTAGE OF HOUSEHOLD INCOME (GRAPI) - Not computed
HC02_VC205,Margin of Error; GROSS RENT AS A PERCENTAGE OF HOUSEHOLD INCOME (GRAPI) - Not computed
HC03_VC205,Percent; GROSS RENT AS A PERCENTAGE OF HOUSEHOLD INCOME (GRAPI) - Not computed
HC04_VC205,Percent Margin of Error; GROSS RENT AS A PERCENTAGE OF HOUSEHOLD INCOME (GRAPI) - Not computed
